{
  "name": "Erfstadt_v1",
  "sections": [
    {
      "title": "ROHWARE",
      "tags": [
        {
          "ri": "MS008",
          "description": "Füllstand Lagerbehälter Rohware",
          "unit": "%",
          "variable": "STAT6.111LME_A01_SCALE.F_CV"
        },
        {
          "ri": "MS007",
          "description": "Temperatur Lagerbehälter Rohware",
          "unit": "C°",
          "variable": "STAT6.111TME_A01_SCALE.F_CV"
        }
      ]
    },
    {
      "title": "FERTIGWARE & PUMPENSUMPF",
      "tags": [
        {
          "ri": "MS069",
          "description": "Füllstand Fertigware",
          "unit": "%",
          "variable": "STAT6.151PME_A05_SCALE.F_CV"
        },
        {
          "ri": "MS067",
          "description": "Füllstand Pumpensumpf Fettabtrennung",
          "unit": "%",
          "variable": "STAT6.141PME_A04_SCALE.F_CV"
        }
      ]
    },
    {
      "title": "DRUCK & TEMPERATUR",
      "tags": [
        {
          "ri": "MS166",
          "description": "Druck Beschickungsleitung Zyklon",
          "unit": "bar",
          "variable": "STAT6.141PME_C01_SCALE.F_CV"
        },
        {
          "ri": "MS151",
          "description": "Druck am Zerkleinerer AG03",
          "unit": "",
          "variable": "STAT6.121PML_A02_SCALE.F_CV"
        },
        {
          "ri": "MS014",
          "description": "Temperatur Zulauf Hygienisierung",
          "unit": "C°",
          "variable": "STAT6.121TME_B01_SCALE.F_CV"
        }
      ]
    },
    {
      "title": "HYGIENISIERUNG 1",
      "tags": [
        {
          "ri": "MS024",
          "description": "Füllstand Hygienisierungstank 1",
          "unit": "%",
          "variable": "STAT6.131PME_A01_SCALE.F_CV"
        },
        {
          "ri": "MS022",
          "description": "untere Temperatur Hygienisierungstank 1",
          "unit": "C°",
          "variable": "STAT6.131TME_C01_SCALE.F_CV"
        },
        {
          "ri": "MS023",
          "description": "obere Temperatur Hygienisierungstank 1",
          "unit": "C°",
          "variable": "STAT6.131TME_C02_SCALE.F_CV"
        }
      ]
    },
    {
      "title": "HYGIENISIERUNG 2",
      "tags": [
        {
          "ri": "MS036",
          "description": "Füllstand Hygienisierungstank 2",
          "unit": "%",
          "variable": "STAT6.132PME_A02_SCALE.F_CV"
        },
        {
          "ri": "MS034",
          "description": "untere Temperatur Hygienisierungstank 2",
          "unit": "C°",
          "variable": "STAT6.132TME_C03_SCALE.F_CV"
        },
        {
          "ri": "MS035",
          "description": "obere Temperatur Hygienisierungstank 2",
          "unit": "C°",
          "variable": "STAT6.132TME_C04_SCALE.F_CV"
        }
      ]
    },
    {
      "title": "HYGIENISIERUNG 3",
      "tags": [
        {
          "ri": "MS048",
          "description": "Füllstand Hygienisierungstank 3",
          "unit": "%",
          "variable": "STAT6.133PME_A03_SCALE.F_CV"
        },
        {
          "ri": "MS046",
          "description": "untere Temperatur Hygienisierungstank 3",
          "unit": "C°",
          "variable": "STAT6.133TME_C05_SCALE.F_CV"
        },
        {
          "ri": "MS047",
          "description": "obere Temperatur Hygienisierungstank 3",
          "unit": "C°",
          "variable": "STAT6.133TME_C06_SCALE.F_CV"
        }
      ]
    },
    {
      "title": "PUMPEN",
      "tags": [
        {
          "ri": "AG17",
          "description": "Frequenz AG17 Kreiselpumpe vor Hydrozyklon",
          "unit": "Hz",
          "variable": "STAT6.141PCI_B01_HZIST_SCALE.F_CV"
        },
        {
          "ri": "AG17",
          "description": "Stromaufnahme AG17 Kreiselpumpe vor Hydrozyklon",
          "unit": "A",
          "variable": "STAT6.141PCI_B01_STROMIST_SCALE.F_CV"
        },
        {
          "ri": "AG09",
          "description": "Frequenz AG09 Excenterschneckenpumpe zum Dekanter",
          "unit": "Hz",
          "variable": "STAT6.141PFD_C01_HZIST_SCALE.F_CV"
        },
        {
          "ri": "AG09",
          "description": "Stromaufnahme AG09 Excenterschneckenpumpe zum Dekanter",
          "unit": "A",
          "variable": "STAT6.141PFD_C01_STROMIST_SCALE.F_CV"
        },
        {
          "ri": "AG10",
          "description": "Frequenz AG10 Excenterschneckenpumpe hinter Dekanter",
          "unit": "Hz",
          "variable": "STAT6.141PFD_D01_HZIST_SCALE.F_CV"
        },
        {
          "ri": "AG10",
          "description": "Stromaufnahme AG10 Excenterschneckenpumpe hinter Dekanter",
          "unit": "A",
          "variable": "STAT6.141PFD_D01_STROMIST_SCALE.F_CV"
        },
        {
          "ri": "AG12",
          "description": "Frequenz AG12",
          "unit": "Hz",
          "variable": "STAT6.141COS_A01_HZIST_SCALE.F_CV"
        },
        {
          "ri": "AG12",
          "description": "Stromaufnahme AG12",
          "unit": "A",
          "variable": "STAT6.141COS_A01_STROMIST_SCALE.F_CV"
        },
        {
          "ri": "AG04",
          "description": "Stromaufnahme AG04 Beschickung Wärmetauscher/Hygieniserung",
          "unit": "A",
          "variable": "STAT6.121PFD_B01_STROMIST_SCALE.F_CV"
        },
        {
          "ri": "AG04",
          "description": "Frequenz AG04 Beschickung Wärmetauscher/Hygieniserung",
          "unit": "Hz",
          "variable": "STAT6.121PFD_B01_HZIST_SCALE.F_CV"
        }
      ]
    },
    {
      "title": "FETTLAGERTANKS",
      "tags": [
        {
          "ri": "MS073",
          "description": "Füllstand Fettlagertank 3",
          "unit": "%",
          "variable": "STAT6.161PME_A06_SCALE.F_CV"
        },
        {
          "ri": "MS083",
          "description": "Temperatur Fettlagertank 3",
          "unit": "C°",
          "variable": "STAT6.161TME_D01_SCALE.F_CV"
        },
        {
          "ri": "MS084",
          "description": "Füllstand Fettlagertank 4",
          "unit": "%",
          "variable": "STAT6.162PME_A07_SCALE.F_CV"
        },
        {
          "ri": "MS094",
          "description": "Temperatur Fettlagertank 4",
          "unit": "C°",
          "variable": "STAT6.162TME_D02_SCALE.F_CV"
        },
        {
          "ri": "MS095",
          "description": "Füllstand Fettlagertank 5",
          "unit": "%",
          "variable": "STAT6.163PME_A08_SCALE.F_CV"
        },
        {
          "ri": "MS105",
          "description": "Temperatur Fettlagertank 5",
          "unit": "C°",
          "variable": "STAT6.163TME_D03_SCALE.F_CV"
        },
        {
          "ri": "MS106",
          "description": "Füllstand Fettlagertank 6",
          "unit": "%",
          "variable": "STAT6.164PME_A09_SCALE.F_CV"
        },
        {
          "ri": "MS116",
          "description": "Temperatur Fettlagertank 6",
          "unit": "C°",
          "variable": "STAT6.164TME_D04_SCALE.F_CV"
        },
        {
          "ri": "MS117",
          "description": "Füllstand Fettlagertank 1",
          "unit": "%",
          "variable": "STAT6.165PME_B01_SCALE.F_CV"
        },
        {
          "ri": "MS127",
          "description": "Temperatur Fettlagertank 1",
          "unit": "C°",
          "variable": "STAT6.165TME_E01_SCALE.F_CV"
        },
        {
          "ri": "MS128",
          "description": "Füllstand Fettlagertank 2",
          "unit": "%",
          "variable": "STAT6.166PME_B02_SCALE.F_CV"
        },
        {
          "ri": "MS138",
          "description": "Temperatur Fettlagertank 2",
          "unit": "C°",
          "variable": "STAT6.166TME_E02_SCALE.F_CV"
        }
      ]
    },
    {
      "title": "TAGESMENGEN & DURCHFLUSS",
      "tags": [
        {
          "ri": "",
          "description": "Tagesmenge zum Dekanter",
          "unit": "m³",
          "variable": "STAT6.T_MENGE_DEKANTER_SCALE.F_CV"
        },
        {
          "ri": "",
          "description": "Tagesmenge Abwasser zum Rohwarentank",
          "unit": "m³",
          "variable": "STAT6.T_MENGE_ABWASS_ROWATA_SCALE.F_CV"
        },
        {
          "ri": "",
          "description": "Tagesmenge Abwasser zum Abwassertank",
          "unit": "m³",
          "variable": "STAT6.T_MENGE_ABWASS_ABWATA_SCALE.F_CV"
        },
        {
          "ri": "",
          "description": "Tagesmenge Brauchwasser",
          "unit": "m³",
          "variable": "STAT6.T_MENGE_BRAUCHWASSER_SCALE.F_CV"
        },
        {
          "ri": "MS065",
          "description": "Durchfluss Zulauf Dekanter",
          "unit": "m³/h",
          "variable": "STAT6.141FME_A01_SCALE.F_CV"
        },
        {
          "ri": "",
          "description": "Durchfluss Brauchwasser",
          "unit": "m³/h",
          "variable": "STAT6.FLOW_BRAUCHWASSER_SCALE.F_CV"
        }
      ]
    }
  ]
}